[
    {
      "plot_structure": "Three-Act Structure",
      "plot_progression": [
        "Act 1: Setup (exposition, inciting incident, first turning point)",
        "Act 2: Confrontation (rising action, midpoint, obstacles, second turning point)",
        "Act 3: Resolution (climax, falling action, denouement)"
      ],
      "best_genres": ["Mainstream film", "Novels", "Commercials", "Educational"],
      "worst_genres": ["Experimental/avant-garde fiction"],
      "best_media": ["Feature films", "Novels", "Ads"],
      "worst_media": ["Modular/digital fictions"],
      "narrative_goal": "Pacing & progression",
      "intended_emotional_impact": ["Clarity", "Tension", "Closure"],
      "medium_specific_conventions": "Universal; matches film/storyflow"
    },
    {
      "plot_structure": "Hero’s Journey",
      "plot_progression": [
        "Ordinary World",
        "Call to Adventure",
        "Refusal of the Call",
        "Meeting the Mentor",
        "Crossing the Threshold",
        "Tests, Allies, Enemies",
        "Approach to the Inmost Cave",
        "Ordeal",
        "Reward",
        "The Road Back",
        "Resurrection",
        "Return with the Elixir"
      ],
      "best_genres": ["Fantasy", "YA", "Adventure", "Epic branding"],
      "worst_genres": ["Literary & minimalist fiction"],
      "best_media": ["Films", "Brand-building commercials"],
      "worst_media": ["Slice-of-life novels"],
      "narrative_goal": "Transformation arc",
      "intended_emotional_impact": ["Emotional resonance"],
      "medium_specific_conventions": "Mythic scale; visually epic"
    },
    {
      "plot_structure": "Freytag's Pyramid",
      "plot_progression": [
        "Exposition",
        "Rising Action",
        "Climax",
        "Falling Action",
        "Denouement"
      ],
      "best_genres": ["Drama", "Classics", "Comics", "Manga"],
      "worst_genres": ["Open-ended/fragmented narratives"],
      "best_media": ["Theater", "Literature", "Comics/Manga"],
      "worst_media": ["Hypertext/digital art"],
      "narrative_goal": "Dramatic tension & catharsis",
      "intended_emotional_impact": ["Dramatic tension", "Release"],
      "medium_specific_conventions": "Classic pacing; stage/screen focus"
    },
    {
      "plot_structure": "Fichtean Curve",
      "plot_progression": ["Series of escalating crises", "Climax", "Resolution"],
      "best_genres": ["Thriller", "Serialized fiction", "Action"],
      "worst_genres": ["Relationship", "Epic", "Literary drama"],
      "best_media": ["TV series", "Podcasts"],
      "worst_media": ["Novels", "Slow cinema"],
      "narrative_goal": "Constant tension",
      "intended_emotional_impact": ["Suspense", "Urgency"],
      "medium_specific_conventions": "Fast-paced, episodic"
    },
    {
      "plot_structure": "Five-Act Structure",
      "plot_progression": [
        "Exposition",
        "Rising Action",
        "Climax",
        "Falling Action",
        "Catastrophe/Resolution"
      ],
      "best_genres": ["Extended drama", "Shakespeare", "Soap/telenovelas"],
      "worst_genres": ["Short stories", "Micro-films"],
      "best_media": ["Theater", "Long TV dramas"],
      "worst_media": ["Flash fiction"],
      "narrative_goal": "Depth, subplot development",
      "intended_emotional_impact": ["Complexity", "Detailed climax"],
      "medium_specific_conventions": "Long-form, traditional drama"
    },
    {
      "plot_structure": "Seven-Point Structure",
      "plot_progression": [
        "Hook",
        "First Plot Point",
        "First Pinch Point",
        "Midpoint",
        "Second Pinch Point",
        "Second Plot Point",
        "Resolution"
      ],
      "best_genres": ["Genre fiction (sci-fi, romance, fantasy)", "Screenplays"],
      "worst_genres": ["Minimalist", "Vignette works"],
      "best_media": ["Novels", "Film scripts"],
      "worst_media": ["Short, microfiction"],
      "narrative_goal": "Twist/escalation",
      "intended_emotional_impact": ["Surprise", "Engagement"],
      "medium_specific_conventions": "Genre-specific beats, plot twists"
    },
    {
      "plot_structure": "In Medias Res",
      "plot_progression": [
        "Begin at midpoint or crucial event",
        "Backfill exposition as story progresses",
        "Move toward climax and resolution"
      ],
      "best_genres": ["Action", "Adventure", "Commercials", "Games"],
      "worst_genres": ["Subtle literary fiction"],
      "best_media": ["Films", "Commercials", "Video games"],
      "worst_media": ["Literary novels"],
      "narrative_goal": "Immediate engagement",
      "intended_emotional_impact": ["Intensity", "Urgency"],
      "medium_specific_conventions": "Quick open, minimal exposition"
    },
    {
      "plot_structure": "Story Circle",
      "plot_progression": [
        "A character is in a zone of comfort",
        "But they want something",
        "They enter an unfamiliar situation",
        "Adapt to it",
        "Get what they wanted",
        "Pay a heavy price",
        "Return to comfort zone",
        "Having changed"
      ],
      "best_genres": ["TV sitcoms", "Episodic animation", "Serials"],
      "worst_genres": ["Historical epics", "Extended sagas"],
      "best_media": ["TV", "Animation", "Short films"],
      "worst_media": ["Epic novels"],
      "narrative_goal": "Character change",
      "intended_emotional_impact": ["Growth", "Cyclical learning"],
      "medium_specific_conventions": "Repetitive, episodic format"
    },
    {
      "plot_structure": "Seven Basic Plots (Booker)",
      "plot_progression": [
        "Overcoming the Monster: Hero vs. antagonist",
        "Rags to Riches: Ascent from humble origins",
        "The Quest: Journey with challenges/goal",
        "Voyage and Return: Departure, trials, return changed",
        "Comedy: Confusion, misunderstanding, happy resolution",
        "Tragedy: Fall from grace, negative transformation",
        "Rebirth: Dark period, renewal or redemption"
      ],
      "best_genres": ["Broad genres", "Comparative studies"],
      "worst_genres": ["Highly experimental", "Microfiction"],
      "best_media": ["Novels", "Films", "Analytical ads"],
      "worst_media": ["Microfiction"],
      "narrative_goal": "Archetype exploration",
      "intended_emotional_impact": ["Varies by archetype"],
      "medium_specific_conventions": "Analytical, mix/match for genre"
    }
  ]
  