{
  "version": 1,
  "categories": [
    {
      "id": "delivery",
      "name": "Delivery",
      "presets": [
        {
          "id": "h264-1080p30-low",
          "name": "H.264 1080p30 • Low (4 Mbps)",
          "container": "mp4",
          "video": { "codec": "h264", "profile": "high", "level": "4.1", "bitrate_kbps": 4000, "gop_seconds": 2, "b_frames": 3 },
          "audio": { "codec": "aac", "bitrate_kbps": 320, "channels": 2, "sample_rate": 48000 },
          "constraints": { "max_width": 1920, "max_height": 1080, "max_fps": 30, "scaling": "fit" },
          "hardware_preferred": true,
          "gating": { "requires_pro_pack": false }
        },
        {
          "id": "h264-1080p30-std",
          "name": "H.264 1080p30 • Standard (8 Mbps)",
          "container": "mp4",
          "video": { "codec": "h264", "profile": "high", "level": "4.2", "bitrate_kbps": 8000, "gop_seconds": 2, "b_frames": 3 },
          "audio": { "codec": "aac", "bitrate_kbps": 320, "channels": 2, "sample_rate": 48000 },
          "constraints": { "max_width": 1920, "max_height": 1080, "max_fps": 30, "scaling": "fit" },
          "hardware_preferred": true,
          "gating": { "requires_pro_pack": false }
        },
        {
          "id": "h264-4k30-high",
          "name": "H.264 4K30 • High (35 Mbps)",
          "container": "mp4",
          "video": { "codec": "h264", "profile": "high", "level": "5.2", "bitrate_kbps": 35000, "gop_seconds": 2, "b_frames": 3 },
          "audio": { "codec": "aac", "bitrate_kbps": 320, "channels": 2, "sample_rate": 48000 },
          "constraints": { "max_width": 3840, "max_height": 2160, "max_fps": 30, "scaling": "fit" },
          "hardware_preferred": true,
          "gating": { "requires_pro_pack": false }
        },
        {
          "id": "av1-1080p30-std",
          "name": "AV1 1080p30 • Standard (5 Mbps)",
          "container": "mp4",
          "video": { "codec": "av1", "bitrate_kbps": 5000, "tile_cols": 1, "tile_rows": 1 },
          "audio": { "codec": "aac", "bitrate_kbps": 320, "channels": 2, "sample_rate": 48000 },
          "constraints": { "max_width": 1920, "max_height": 1080, "max_fps": 30, "scaling": "fit" },
          "hardware_preferred": false,
          "gating": { "requires_pro_pack": false }
        },
        {
          "id": "hevc-4k30-std",
          "name": "HEVC 4K30 • Standard (25 Mbps)",
          "container": "mp4",
          "video": { "codec": "hevc", "bitrate_kbps": 25000 },
          "audio": { "codec": "aac", "bitrate_kbps": 320, "channels": 2, "sample_rate": 48000 },
          "constraints": { "max_width": 3840, "max_height": 2160, "max_fps": 30, "scaling": "fit" },
          "hardware_preferred": true,
          "gating": { "requires_pro_pack": false }
        }
      ]
    },
    {
      "id": "advanced",
      "name": "Advanced (CRF)",
      "presets": [
        {
          "id": "h264-crf-23",
          "name": "H.264 • CRF 23",
          "container": "mp4",
          "video": { "codec": "h264", "crf": 23, "profile": "high" },
          "audio": { "codec": "aac", "bitrate_kbps": 320, "channels": 2, "sample_rate": 48000 },
          "constraints": { "scaling": "source" },
          "hardware_preferred": true,
          "gating": { "requires_pro_pack": false }
        },
        {
          "id": "av1-crf-28",
          "name": "AV1 • CRF 28",
          "container": "mp4",
          "video": { "codec": "av1", "crf": 28 },
          "audio": { "codec": "aac", "bitrate_kbps": 320, "channels": 2, "sample_rate": 48000 },
          "constraints": { "scaling": "source" },
          "hardware_preferred": false,
          "gating": { "requires_pro_pack": false }
        }
      ]
    },
    {
      "id": "mezzanine",
      "name": "Mezzanine (Pro)",
      "presets": [
        {
          "id": "prores-422hq-1080p",
          "name": "ProRes 422 HQ 1080p",
          "container": "mov",
          "video": { "codec": "prores_ks", "profile": "apch" },
          "audio": { "codec": "pcm_s16le", "channels": 2, "sample_rate": 48000 },
          "constraints": { "max_width": 1920, "max_height": 1080, "scaling": "fit" },
          "hardware_preferred": false,
          "gating": { "requires_pro_pack": true }
        },
        {
          "id": "prores-4444-uhd",
          "name": "ProRes 4444 UHD (Alpha)",
          "container": "mov",
          "video": { "codec": "prores_ks", "profile": "ap4h", "pixel_format": "yuva444p10le" },
          "audio": { "codec": "pcm_s24le", "channels": 2, "sample_rate": 48000 },
          "constraints": { "max_width": 3840, "max_height": 2160, "scaling": "fit" },
          "hardware_preferred": false,
          "gating": { "requires_pro_pack": true }
        },
        {
          "id": "dnxhr-hqx-4k",
          "name": "DNxHR HQX 4K",
          "container": "mov",
          "video": { "codec": "dnxhd", "profile": "hqx", "bit_depth": 10 },
          "audio": { "codec": "pcm_s24le", "channels": 2, "sample_rate": 48000 },
          "constraints": { "max_width": 3840, "max_height": 2160, "scaling": "fit" },
          "hardware_preferred": false,
          "gating": { "requires_pro_pack": true }
        },
        {
          "id": "exr-sequence-16f",
          "name": "EXR Sequence 16-bit Float",
          "container": "image_sequence",
          "video": { "codec": "exr", "bit_depth": 16, "color_space": "linear" },
          "audio": null,
          "constraints": { "scaling": "source" },
          "hardware_preferred": false,
          "gating": { "requires_pro_pack": true }
        },
        {
          "id": "dpx-sequence-10bit",
          "name": "DPX Sequence 10-bit",
          "container": "image_sequence",
          "video": { "codec": "dpx", "bit_depth": 10 },
          "audio": null,
          "constraints": { "scaling": "source" },
          "hardware_preferred": false,
          "gating": { "requires_pro_pack": true }
        }
      ]
    }
  ]
}

